Plugin,URL
Accurev Plugin,https://github.com/jenkinsci/accurev-plugin
Cppcheck Plugin,https://github.com/jenkinsci/cppcheck-plugin
Downstream Buildview Plugin,https://github.com/jenkinsci/downstream-buildview-plugin
Downstream Ext Plugin,https://github.com/jenkinsci/downstream-ext-plugin
Distfork Plugin,https://github.com/jenkinsci/distfork-plugin
Doclinks Plugin,https://github.com/jenkinsci/doclinks-plugin
Favorite View Plugin,https://github.com/jenkinsci/favorite-view-plugin
Envfile Plugin,https://github.com/jenkinsci/envfile-plugin
Doxygen Plugin,https://github.com/jenkinsci/doxygen-plugin
Jdepend Plugin,https://github.com/jenkinsci/jdepend-plugin
Maven Repo Cleaner Plugin,https://github.com/jenkinsci/maven-repo-cleaner-plugin
Libvirt Agent Plugin,https://github.com/jenkinsci/libvirt-agent-plugin
Nant Plugin,https://github.com/jenkinsci/nant-plugin
Release Plugin,https://github.com/jenkinsci/release-plugin
Agent Status Plugin,https://github.com/jenkinsci/agent-status-plugin
Sloccount Plugin,https://github.com/jenkinsci/sloccount-plugin
Lib Jenkins Maven Embedder,https://github.com/jenkinsci/lib-jenkins-maven-embedder
Extras Executable War,https://github.com/jenkinsci/extras-executable-war
Publish Over Ftp Plugin,https://github.com/jenkinsci/publish-over-ftp-plugin
Copy Project Link Plugin,https://github.com/jenkinsci/copy-project-link-plugin
Confluence Publisher Plugin,https://github.com/jenkinsci/confluence-publisher-plugin
Maven Interceptors,https://github.com/jenkinsci/maven-interceptors
Instance Identity Plugin,https://github.com/jenkinsci/instance-identity-plugin
Project Stats Plugin,https://github.com/jenkinsci/project-stats-plugin
Cloverphp Plugin,https://github.com/jenkinsci/cloverphp-plugin
Exclusion Plugin,https://github.com/jenkinsci/exclusion-plugin
Publish Over Cifs Plugin,https://github.com/jenkinsci/publish-over-cifs-plugin
Build Keeper Plugin,https://github.com/jenkinsci/build-keeper-plugin
Fail The Build Plugin,https://github.com/jenkinsci/fail-the-build-plugin
Jenkins Cloudformation Plugin,https://github.com/jenkinsci/jenkins-cloudformation-plugin
Progress Bar Column Plugin,https://github.com/jenkinsci/progress-bar-column-plugin
Purge Build Queue Plugin,https://github.com/jenkinsci/purge-build-queue-plugin
Crowd2 Plugin,https://github.com/jenkinsci/crowd2-plugin
Hsts Filter Plugin,https://github.com/jenkinsci/hsts-filter-plugin
Any Buildstep Plugin,https://github.com/jenkinsci/any-buildstep-plugin
Create Fingerprint Plugin,https://github.com/jenkinsci/create-fingerprint-plugin
Envinject Lib,https://github.com/jenkinsci/envinject-lib
Mstestrunner Plugin,https://github.com/jenkinsci/mstestrunner-plugin
Svn Revert Plugin,https://github.com/jenkinsci/svn-revert-plugin
Anything Goes Formatter Plugin,https://github.com/jenkinsci/anything-goes-formatter-plugin
Async Http Client Plugin,https://github.com/jenkinsci/async-http-client-plugin
Maven Metadata Plugin,https://github.com/jenkinsci/maven-metadata-plugin
Groovy Sandbox,https://github.com/jenkinsci/groovy-sandbox
Pam Auth Plugin,https://github.com/jenkinsci/pam-auth-plugin
Configure Job Column Plugin,https://github.com/jenkinsci/configure-job-column-plugin
Maven Invoker Plugin,https://github.com/jenkinsci/maven-invoker-plugin
Text Finder Run Condition Plugin,https://github.com/jenkinsci/text-finder-run-condition-plugin
Template Workflows Plugin,https://github.com/jenkinsci/template-workflows-plugin
Buildtriggerbadge Plugin,https://github.com/jenkinsci/buildtriggerbadge-plugin
Maven Repository Plugin,https://github.com/jenkinsci/maven-repository-plugin
Deployed On Column Plugin,https://github.com/jenkinsci/deployed-on-column-plugin
Mock Security Realm Plugin,https://github.com/jenkinsci/mock-security-realm-plugin
Gatling Plugin,https://github.com/jenkinsci/gatling-plugin
Backup Jobs Plugin,https://github.com/jenkinsci/backup-jobs-plugin
Zulip Plugin,https://github.com/jenkinsci/zulip-plugin
Visualworks Store Plugin,https://github.com/jenkinsci/visualworks-store-plugin
Build Alias Setter Plugin,https://github.com/jenkinsci/build-alias-setter-plugin
Windows Exe Runner Plugin,https://github.com/jenkinsci/windows-exe-runner-plugin
Gearman Plugin,https://github.com/jenkinsci/gearman-plugin
Jqs Monitoring Plugin,https://github.com/jenkinsci/jqs-monitoring-plugin
Enhanced Old Build Discarder Plugin,https://github.com/jenkinsci/enhanced-old-build-discarder-plugin
Kpp Management Plugin,https://github.com/jenkinsci/kpp-management-plugin
Matrix Combinations Plugin,https://github.com/jenkinsci/matrix-combinations-plugin
Console Tail Plugin,https://github.com/jenkinsci/console-tail-plugin
Node Iterator Api Plugin,https://github.com/jenkinsci/node-iterator-api-plugin
Windows Slaves Plugin,https://github.com/jenkinsci/windows-slaves-plugin
Deployment Notification Plugin,https://github.com/jenkinsci/deployment-notification-plugin
Syslog Java Client,https://github.com/jenkinsci/syslog-java-client
Google Oauth Plugin,https://github.com/jenkinsci/google-oauth-plugin
Google Metadata Plugin,https://github.com/jenkinsci/google-metadata-plugin
Scoverage Plugin,https://github.com/jenkinsci/scoverage-plugin
Mock Load Builder Plugin,https://github.com/jenkinsci/mock-load-builder-plugin
Liquibase Runner Plugin,https://github.com/jenkinsci/liquibase-runner-plugin
P4 Plugin,https://github.com/jenkinsci/p4-plugin
Proc Cleaner Plugin,https://github.com/jenkinsci/proc-cleaner-plugin
Radargun Plugin,https://github.com/jenkinsci/radargun-plugin
Lucene Search Plugin,https://github.com/jenkinsci/lucene-search-plugin
Aws Beanstalk Publisher Plugin,https://github.com/jenkinsci/aws-beanstalk-publisher-plugin
Dumpling Plugin,https://github.com/jenkinsci/dumpling-plugin
Google Play Android Publisher Plugin,https://github.com/jenkinsci/google-play-android-publisher-plugin
Bigpanda Plugin,https://github.com/jenkinsci/bigpanda-plugin
Global Post Script Plugin,https://github.com/jenkinsci/global-post-script-plugin
Deployer Framework Plugin,https://github.com/jenkinsci/deployer-framework-plugin
Unique Id Plugin,https://github.com/jenkinsci/unique-id-plugin
Openstack Cloud Plugin,https://github.com/jenkinsci/openstack-cloud-plugin
Testcomplete Plugin,https://github.com/jenkinsci/testcomplete-plugin
Violation Comments To Stash Plugin,https://github.com/jenkinsci/violation-comments-to-stash-plugin
Ssh2easy Plugin,https://github.com/jenkinsci/ssh2easy-plugin
Bootstraped Multi Test Results Report Plugin,https://github.com/jenkinsci/bootstraped-multi-test-results-report-plugin
Piketec Tpt Plugin,https://github.com/jenkinsci/piketec-tpt-plugin
Azure Publishersettings Credentials Plugin,https://github.com/jenkinsci/azure-publishersettings-credentials-plugin
Datadog Plugin,https://github.com/jenkinsci/datadog-plugin
Aws Java Sdk Plugin,https://github.com/jenkinsci/aws-java-sdk-plugin
Remote Jobs View,https://github.com/jenkinsci/remote-jobs-view
Sumologic Publisher Plugin,https://github.com/jenkinsci/sumologic-publisher-plugin
Jackson2 Api Plugin,https://github.com/jenkinsci/jackson2-api-plugin
Delphix Plugin,https://github.com/jenkinsci/delphix-plugin
Cucumber Slack Notifier Plugin,https://github.com/jenkinsci/cucumber-slack-notifier-plugin
Testdroid Run In Cloud Plugin,https://github.com/jenkinsci/testdroid-run-in-cloud-plugin
Fortify On Demand Uploader Plugin,https://github.com/jenkinsci/fortify-on-demand-uploader-plugin
Performance Signature Dynatrace Plugin,https://github.com/jenkinsci/performance-signature-dynatrace-plugin
Nexus Artifact Uploader Plugin,https://github.com/jenkinsci/nexus-artifact-uploader-plugin
Github Pr Coverage Status Plugin,https://github.com/jenkinsci/github-pr-coverage-status-plugin
Nomad Plugin,https://github.com/jenkinsci/nomad-plugin
Mq Notifier Plugin,https://github.com/jenkinsci/mq-notifier-plugin
Permissive Script Security Plugin,https://github.com/jenkinsci/permissive-script-security-plugin
Node Sharing Plugin,https://github.com/jenkinsci/node-sharing-plugin
External Workspace Manager Plugin,https://github.com/jenkinsci/external-workspace-manager-plugin
Openshift Sync Plugin,https://github.com/jenkinsci/openshift-sync-plugin
Openshift Login Plugin,https://github.com/jenkinsci/openshift-login-plugin
Hashicorp Vault Plugin,https://github.com/jenkinsci/hashicorp-vault-plugin
Rocketchatnotifier Plugin,https://github.com/jenkinsci/rocketchatnotifier-plugin
Build Time Blame Plugin,https://github.com/jenkinsci/build-time-blame-plugin
Splunk Devops Plugin,https://github.com/jenkinsci/splunk-devops-plugin
Jms Messaging Plugin,https://github.com/jenkinsci/jms-messaging-plugin
Openshift Client Plugin,https://github.com/jenkinsci/openshift-client-plugin
Clif Performance Testing Plugin,https://github.com/jenkinsci/clif-performance-testing-plugin
Jira Steps Plugin,https://github.com/jenkinsci/jira-steps-plugin
Violation Comments To Gitlab Plugin,https://github.com/jenkinsci/violation-comments-to-gitlab-plugin
Flexdeploy Plugin,https://github.com/jenkinsci/flexdeploy-plugin
Date Parameter Plugin,https://github.com/jenkinsci/date-parameter-plugin
Snyk Security Scanner Plugin,https://github.com/jenkinsci/snyk-security-scanner-plugin
Jmh Report Plugin,https://github.com/jenkinsci/jmh-report-plugin
Git Bisect Plugin,https://github.com/jenkinsci/git-bisect-plugin
Benchmark Plugin,https://github.com/jenkinsci/benchmark-plugin
Debian Pbuilder Plugin,https://github.com/jenkinsci/debian-pbuilder-plugin
Github Scm Trait Notification Context Plugin,https://github.com/jenkinsci/github-scm-trait-notification-context-plugin
Genexus Plugin,https://github.com/jenkinsci/genexus-plugin
Mabl Integration Plugin,https://github.com/jenkinsci/mabl-integration-plugin
Inodes Monitor Plugin,https://github.com/jenkinsci/inodes-monitor-plugin
Netsparker Cloud Scan Plugin,https://github.com/jenkinsci/netsparker-cloud-scan-plugin
Sysdig Secure Plugin,https://github.com/jenkinsci/sysdig-secure-plugin
In Toto Plugin,https://github.com/jenkinsci/in-toto-plugin
Multibranch Job Tear Down Plugin,https://github.com/jenkinsci/multibranch-job-tear-down-plugin
Rb Plugin,https://github.com/jenkinsci/rb-plugin
Google Kubernetes Engine Plugin,https://github.com/jenkinsci/google-kubernetes-engine-plugin
Benchmark Evaluator Plugin,https://github.com/jenkinsci/benchmark-evaluator-plugin
Inline Pipeline Plugin,https://github.com/jenkinsci/inline-pipeline-plugin
Matlab Plugin,https://github.com/jenkinsci/matlab-plugin
Multibranch Build Strategy Extension Plugin,https://github.com/jenkinsci/multibranch-build-strategy-extension-plugin
Uipath Automation Package Plugin,https://github.com/jenkinsci/uipath-automation-package-plugin
Aws Secrets Manager Credentials Provider Plugin,https://github.com/jenkinsci/aws-secrets-manager-credentials-provider-plugin
Acunetix 360 Scan Plugin,https://github.com/jenkinsci/acunetix-360-scan-plugin
Remote File Plugin,https://github.com/jenkinsci/remote-file-plugin
Atlassian Bitbucket Server Integration Plugin,https://github.com/jenkinsci/atlassian-bitbucket-server-integration-plugin
Dotcoverrunner Plugin,https://github.com/jenkinsci/dotcoverrunner-plugin
Test Results Aggregator Plugin,https://github.com/jenkinsci/test-results-aggregator-plugin
Bootstrap4 Api Plugin,https://github.com/jenkinsci/bootstrap4-api-plugin
Teamscale Upload Plugin,https://github.com/jenkinsci/teamscale-upload-plugin
Veracode Scan Plugin,https://github.com/jenkinsci/veracode-scan-plugin
S3explorer Plugin,https://github.com/jenkinsci/s3explorer-plugin
Zohosprints Plugin,https://github.com/jenkinsci/zohosprints-plugin
Conjur Credentials Plugin,https://github.com/jenkinsci/conjur-credentials-plugin
Simple Queue Plugin,https://github.com/jenkinsci/simple-queue-plugin
Manage Permission Plugin,https://github.com/jenkinsci/manage-permission-plugin
Machine Learning Plugin,https://github.com/jenkinsci/machine-learning-plugin
Dotnet Sdk Plugin,https://github.com/jenkinsci/dotnet-sdk-plugin
Redis Fingerprint Storage Plugin,https://github.com/jenkinsci/redis-fingerprint-storage-plugin
Venafi Codesigning Plugin,https://github.com/jenkinsci/venafi-codesigning-plugin
Venafi Vcert Plugin,https://github.com/jenkinsci/venafi-vcert-plugin
Minio Plugin,https://github.com/jenkinsci/minio-plugin
Servicenow Cicd Plugin,https://github.com/jenkinsci/servicenow-cicd-plugin
Tics Plugin,https://github.com/jenkinsci/tics-plugin
Gcp Secrets Manager Credentials Provider Plugin,https://github.com/jenkinsci/gcp-secrets-manager-credentials-provider-plugin
Pipeline Keepenv Step Plugin,https://github.com/jenkinsci/pipeline-keepenv-step-plugin
Material Theme Plugin,https://github.com/jenkinsci/material-theme-plugin
Qualys Pc Plugin,https://github.com/jenkinsci/qualys-pc-plugin
Multiselect Parameter Plugin,https://github.com/jenkinsci/multiselect-parameter-plugin
Artifact Repository Parameter Plugin,https://github.com/jenkinsci/artifact-repository-parameter-plugin
Gating Core Plugin,https://github.com/jenkinsci/gating-core-plugin
Bitbucket Pullrequests Filter Plugin,https://github.com/jenkinsci/bitbucket-pullrequests-filter-plugin
Accelq Ci Connect Plugin,https://github.com/jenkinsci/accelq-ci-connect-plugin
Smilehubnotifier Plugin,https://github.com/jenkinsci/smilehubnotifier-plugin
Popper2 Api Plugin,https://github.com/jenkinsci/popper2-api-plugin
Aws Secrets Manager Secret Source Plugin,https://github.com/jenkinsci/aws-secrets-manager-secret-source-plugin
Leapwork Plugin,https://github.com/jenkinsci/leapwork-plugin
Editable Choice Plugin,https://github.com/jenkinsci/editable-choice-plugin
Oak9 Plugin,https://github.com/jenkinsci/oak9-plugin
Signpath Plugin,https://github.com/jenkinsci/signpath-plugin
Keeper Secrets Manager Plugin,https://github.com/jenkinsci/keeper-secrets-manager-plugin
Peass Ci Plugin,https://github.com/jenkinsci/peass-ci-plugin
Pipeline Project Env Plugin,https://github.com/jenkinsci/pipeline-project-env-plugin
Bmc Cfa Plugin,https://github.com/jenkinsci/bmc-cfa-plugin
Artifactz Plugin,https://github.com/jenkinsci/artifactz-plugin
Checkmarx Ast Scanner Plugin,https://github.com/jenkinsci/checkmarx-ast-scanner-plugin
Soos Sca Plugin,https://github.com/jenkinsci/soos-sca-plugin
Container Image Link Plugin,https://github.com/jenkinsci/container-image-link-plugin
Paginated Builds Plugin,https://github.com/jenkinsci/paginated-builds-plugin
Oes Template Plugin,https://github.com/jenkinsci/oes-template-plugin
Horreum Plugin,https://github.com/jenkinsci/horreum-plugin
Apimap Plugin,https://github.com/jenkinsci/apimap-plugin
Generic Tool Plugin,https://github.com/jenkinsci/generic-tool-plugin
Azure Cosmosdb Plugin,https://github.com/jenkinsci/azure-cosmosdb-plugin
Loadrunner Cloud Plugin,https://github.com/jenkinsci/loadrunner-cloud-plugin
Autify Plugin,https://github.com/jenkinsci/autify-plugin
Jfrog Plugin,https://github.com/jenkinsci/jfrog-plugin
Helix Alm Test Management Plugin,https://github.com/jenkinsci/helix-alm-test-management-plugin
Crowdstrike Security Plugin,https://github.com/jenkinsci/crowdstrike-security-plugin
Provar Automation Plugin,https://github.com/jenkinsci/provar-automation-plugin
Onepassword Secrets Plugin,https://github.com/jenkinsci/onepassword-secrets-plugin
Bevigil Ci Plugin,https://github.com/jenkinsci/bevigil-ci-plugin
Qualys Iac Security Plugin,https://github.com/jenkinsci/qualys-iac-security-plugin
Matomo Analytics Plugin,https://github.com/jenkinsci/matomo-analytics-plugin
Ascii Magician Plugin,https://github.com/jenkinsci/ascii-magician-plugin
Catlight Plugin,https://github.com/jenkinsci/catlight-plugin
Gerrit Checks Api Plugin,https://github.com/jenkinsci/gerrit-checks-api-plugin
Devops Portal Plugin,https://github.com/jenkinsci/devops-portal-plugin
Codethreat Scanner Plugin,https://github.com/jenkinsci/codethreat-scanner-plugin
Remote Result Trigger Plugin,https://github.com/jenkinsci/remote-result-trigger-plugin
Report Diff Plugin,https://github.com/jenkinsci/report-diff-plugin
Cdevents Plugin,https://github.com/jenkinsci/cdevents-plugin
Xcode Cloud For Pipeline Plugin,https://github.com/jenkinsci/xcode-cloud-for-pipeline-plugin
Mend Cloud Native Security Scanner Plugin,https://github.com/jenkinsci/mend-cloud-native-security-scanner-plugin
Chartjs Api Plugin,https://github.com/jenkinsci/chartjs-api-plugin
Jacked Plugin,https://github.com/jenkinsci/jacked-plugin
Alibabacloud Pkg Deployment Plugin,https://github.com/jenkinsci/alibabacloud-pkg-deployment-plugin
Aristiun Aribot Plugin,https://github.com/jenkinsci/Aristiun-Aribot-Plugin
Loadmance Plugin,https://github.com/jenkinsci/loadmance-plugin
Digicert Software Trust Code Sign Plugin,https://github.com/jenkinsci/digicert-software-trust-code-sign-plugin
Digicert Software Trust Gpg Sign Plugin,https://github.com/jenkinsci/digicert-software-trust-gpg-sign-plugin
Custom Markup Formatter Plugin,https://github.com/jenkinsci/custom-markup-formatter-plugin
Dogu Integration Plugin,https://github.com/jenkinsci/dogu-integration-plugin
Lark Notice Plugin,https://github.com/jenkinsci/lark-notice-plugin
Trunk Io Plugin,https://github.com/jenkinsci/trunk-io-plugin
Enhanced Credentials Plugin,https://github.com/jenkinsci/enhanced-credentials-plugin
Miniorange Two Factor Plugin,https://github.com/jenkinsci/miniorange-two-factor-plugin
Restrict Steps Plugin,https://github.com/jenkinsci/restrict-steps-plugin
Redhat Dependency Analytics Plugin,https://github.com/jenkinsci/redhat-dependency-analytics-plugin
Xygeni Sensor Plugin,https://github.com/jenkinsci/xygeni-sensor-plugin
Gcp Java Sdk Plugin,https://github.com/jenkinsci/gcp-java-sdk-plugin
Synopsys Security Scan Plugin,https://github.com/jenkinsci/synopsys-security-scan-plugin
Maven Cache Plugin,https://github.com/jenkinsci/maven-cache-plugin
Google Analyze Code Security Plugin,https://github.com/jenkinsci/google-analyze-code-security-plugin
Blackduck Security Scan Plugin,https://github.com/jenkinsci/blackduck-security-scan-plugin
